timestamp,reconcile_duration_p95_sec,reconcile_duration_median_sec,git_request_duration_p95_sec,sync_succeeded_rate,sync_failed_rate,controller_memory_bytes,controller_cpu_cores,tcp_retrans_rate
2026-10-09 08:06:04.336999893,0.0,0.0,0.0,0.0,0.0,92598272.0,0.004267174999999935,0.0
2026-10-09 08:06:09.336999893,0.0,0.0,0.0,0.0,0.0,92155904.0,0.005582467774874287,0.0
2026-10-09 08:06:14.336999893,0.0,0.0,0.0,0.0,0.0,92155904.0,0.005582467774874286,0.0
2026-10-09 08:06:19.336999893,0.0,0.0,0.0,0.0,0.0,92155904.0,0.005329726681586687,0.0
2026-10-09 08:06:24.336999893,0.0,0.0,0.0,0.0,0.0,92155904.0,0.005393531252964053,0.0
2026-10-09 08:06:29.336999893,0.0,0.0,0.0,0.0,0.0,92155904.0,0.005393531252964054,0.0
2026-10-09 08:06:34.336999893,0.0,0.0,0.0,0.0,0.0,92418048.0,0.004904854925715477,0.0
2026-10-09 08:06:39.336999893,0.0,0.0,0.0,0.0,0.0,92418048.0,0.003985512438702169,0.0
2026-10-09 08:06:44.336999893,0.0,0.0,0.0,0.0,0.0,92680192.0,0.004437155399473227,0.0
2026-10-09 08:06:49.336999893,0.23749999999999996,0.125,0.24249999999999997,0.0,0.0,92680192.0,0.003745685604128827,0.0
2026-10-09 08:06:54.336999893,0.23749999999999996,0.125,0.24249999999999997,0.0,0.0,92680192.0,0.0045564563917469564,0.0
2026-10-09 08:06:59.336999893,0.23749999999999996,0.125,0.2425,0.0,0.0,93356032.0,0.004804140875969585,0.0
2026-10-09 08:07:04.336999893,0.23749999999999996,0.125,0.2425,0.0,0.0,93356032.0,0.004804140875969585,0.0
2026-10-09 08:07:09.336999893,0.23749999999999996,0.125,0.24249999999999997,0.0,0.0,93356032.0,0.004945161128400754,0.0
2026-10-09 08:07:14.336999893,0.23749999999999996,0.125,0.2425,0.0,0.0,93356032.0,0.004084428360885223,0.0
2026-10-09 08:07:19.336999893,0.23749999999999996,0.125,0.2425,0.0,0.0,93896704.0,0.005072628526717904,0.0
2026-10-09 08:07:24.336999893,0.23749999999999996,0.125,0.2425,0.0,0.0,93896704.0,0.005072628526717904,0.0
2026-10-09 08:07:29.336999893,0.23749999999999996,0.125,0.2425,0.0,0.0,94175232.0,0.004832476174676067,0.0
2026-10-09 08:07:34.336999893,0.23749999999999996,0.125,0.24249999999999997,0.0,0.0,94175232.0,0.00446756280089618,0.0
2026-10-09 08:07:39.336999893,0.23749999999999996,0.125,0.2425,0.0,0.0,94175232.0,0.00446756280089618,0.0
2026-10-09 08:07:44.336999893,0.23749999999999996,0.125,0.2425,0.0,0.0,94175232.0,0.0031749408485540367,0.0
2026-10-09 08:07:49.336999893,0.23749999999999996,0.125,0.2425,0.0,0.0,91770880.0,0.005207888456224109,0.0
2026-10-09 08:07:54.336999893,0.23749999999999996,0.125,0.2425,0.0,0.0,91770880.0,0.005207888456224108,0.0
2026-10-09 08:07:59.336999893,0.23749999999999996,0.125,0.2425,0.0,0.0,91770880.0,0.005867830587310519,0.0
2026-10-09 08:08:04.336999893,0.23749999999999996,0.125,0.2425,0.0,0.0,92291072.0,0.00545008495296512,0.0
2026-10-09 08:08:09.336999893,0.23749999999999996,0.125,0.2425,0.0,0.0,92291072.0,0.00545008495296512,0.0
2026-10-09 08:08:14.336999893,0.23749999999999996,0.125,0.2425,0.0,0.0,92291072.0,0.00545008495296512,0.0
2026-10-09 08:08:19.336999893,0.23749999999999996,0.125,0.2425,0.0,0.0,92291072.0,0.005906557770838349,0.0
2026-10-09 08:08:24.336999893,0.23749999999999996,0.125,0.2425,0.0,0.0,91770880.0,0.00527448644884646,0.0
2026-10-09 08:08:29.336999893,0.23749999999999996,0.125,0.2425,0.0,0.0,91770880.0,0.004317995234951331,0.0
2026-10-09 08:08:34.336999893,0.23749999999999996,0.125,0.2425,0.0,0.0,92540928.0,0.0042650316787647205,0.0
2026-10-09 08:08:39.336999893,0.23749999999999996,0.125,0.2425,0.0,0.0,92540928.0,0.0042650316787647205,0.0
2026-10-09 08:08:44.336999893,0.23749999999999996,0.125,0.2425,0.0,0.0,92540928.0,0.0042650316787647205,0.0
2026-10-09 08:08:49.336999893,0.23749999999999996,0.125,0.2425,0.0,0.0,90226688.0,0.00432395153774461,0.0
2026-10-09 08:08:54.336999893,0.23749999999999996,0.125,0.2425,0.0,0.0,90226688.0,0.00432395153774461,0.0
2026-10-09 08:08:59.336999893,0.23749999999999996,0.125,0.2425,0.0,0.0,90226688.0,0.00432395153774461,0.0
2026-10-09 08:09:04.336999893,0.23749999999999996,0.125,0.2425,0.0,0.0,90226688.0,0.0029762749999999727,0.0
2026-10-09 08:09:09.336999893,0.23749999999999996,0.125,0.2425,0.0,0.0,90894336.0,0.004923555359505909,0.0
2026-10-09 08:09:14.336999893,0.23749999999999996,0.125,0.2425,0.0,0.0,90894336.0,0.004923555359505909,0.0
2026-10-09 08:09:19.336999893,0.23749999999999996,0.125,0.2425,0.0,0.0,90894336.0,0.004923555359505909,0.0
2026-10-09 08:09:24.336999893,0.23749999999999996,0.125,0.2425,0.0,0.0,90894336.0,0.004740423926033071,0.0
2026-10-09 08:09:29.336999893,0.23749999999999996,0.125,0.2425,0.0,0.0,90894336.0,0.004740423926033071,0.0
2026-10-09 08:09:34.336999893,0.23749999999999996,0.125,0.2425,0.0,0.0,92938240.0,0.005232325137814643,0.0
2026-10-09 08:09:39.336999893,0.23749999999999996,0.125,0.2425,0.0,0.0,92938240.0,0.005232325137814643,0.0
2026-10-09 08:09:44.336999893,0.23749999999999996,0.125,0.2425,0.0,0.0,92938240.0,0.005232325137814642,0.0
2026-10-09 08:09:49.336999893,0.23749999999999996,0.125,0.2425,0.0,0.0,92938240.0,0.003636149999999994,0.0
2026-10-09 08:09:54.336999893,0.23749999999999996,0.125,0.2425,0.0,0.0,108331008.0,0.014258661038906748,0.0
2026-10-09 08:09:59.336999893,0.23749999999999996,0.125,0.2425,0.0,0.0,108331008.0,0.014258661038906748,0.0
2026-10-09 08:10:04.336999893,0.2375,0.125,0.2425,0.0,0.0,108331008.0,0.014258661038906748,0.0
2026-10-09 08:10:09.336999893,0.23749999999999996,0.125,0.2425,0.0,0.0,108331008.0,0.019180031831537648,0.0
2026-10-09 08:10:14.336999893,0.95,0.25,0.2425,0.0,0.0,101638144.0,0.015412014875182989,0.0
2026-10-09 08:10:19.336999893,0.9499999999999998,0.25,0.2425,0.0,0.0,101638144.0,0.015412014875182989,0.0
2026-10-09 08:10:24.336999893,0.9499999999999998,0.25,0.24249999999999997,0.0,0.0,101638144.0,0.0183579816269472,0.0
2026-10-09 08:10:29.336999893,0.9499999999999998,0.25,0.24249999999999997,0.0,0.0,109793280.0,0.014264504149456224,0.0
2026-10-09 08:10:34.336999893,0.95,0.25,0.24249999999999997,0.0,0.0,109793280.0,0.005386995413457217,0.0
2026-10-09 08:10:39.336999893,0.9499999999999998,0.25,0.2425,0.0,0.0,109793280.0,0.006521884911644809,0.0
2026-10-09 08:10:44.336999893,0.9499999999999998,0.25,0.24249999999999997,0.0,0.0,110325760.0,0.006093339708724384,0.0
2026-10-09 08:10:49.336999893,0.9499999999999998,0.25,0.24249999999999997,0.0,0.0,110325760.0,0.006093339708724384,0.0
2026-10-09 08:10:54.336999893,0.9749999999999999,0.75,0.2425,0.0,0.0,110325760.0,0.004746185509578788,0.0
2026-10-09 08:10:59.336999893,0.975,0.75,0.2425,0.0,0.0,110325760.0,0.004746185509578788,0.0
2026-10-09 08:11:04.336999893,0.9749999999999999,0.75,0.2425,0.0,0.0,110694400.0,0.0045899755937852975,0.0
2026-10-09 08:11:09.336999893,0.9749999999999999,0.75,0.2425,0.0,0.0,110694400.0,0.0045899755937852975,0.0
2026-10-09 08:11:14.336999893,0.9749999999999999,0.75,0.2425,0.0,0.0,110694400.0,0.004773497469721926,0.0
2026-10-09 08:11:19.336999893,0.9749999999999999,0.75,0.2425,0.0,0.0,110977024.0,0.004656784985079303,0.0
2026-10-09 08:11:24.336999893,0.9749999999999999,0.75,0.2425,0.0,0.0,110977024.0,0.004656784985079303,0.0
2026-10-09 08:11:29.336999893,0.9749999999999999,0.75,0.2425,0.0,0.0,110977024.0,0.004350685417158998,0.0
2026-10-09 08:11:34.336999893,0.9749999999999999,0.75,0.2425,0.0,0.0,111468544.0,0.004132492250330532,0.0
2026-10-09 08:11:39.336999893,0.9749999999999999,0.75,0.2425,0.0,0.0,111468544.0,0.004132492250330532,0.0
2026-10-09 08:11:44.336999893,0.9749999999999999,0.75,0.2425,0.0,0.0,111468544.0,0.0033488846510073204,0.0
2026-10-09 08:11:49.336999893,0.9749999999999999,0.75,0.2425,0.0,0.0,107593728.0,0.005239889549702666,0.0
2026-10-09 08:11:54.336999893,0.9749999999999999,0.75,0.2425,0.0,0.0,107593728.0,0.005239889549702666,0.0
2026-10-09 08:11:59.336999893,0.9749999999999999,0.75,0.2425,0.0,0.0,107593728.0,0.005239889549702666,0.0
2026-10-09 08:12:04.336999893,0.9749999999999999,0.75,0.2425,0.0,0.0,108351488.0,0.005346298591549338,0.0
2026-10-09 08:12:09.336999893,0.9749999999999999,0.75,0.2425,0.0,0.0,108351488.0,0.00534629859154934,0.0
2026-10-09 08:12:14.336999893,1.9499999999999997,1.5,1.8999999999999997,0.0,0.0,108351488.0,0.00534629859154934,0.0
2026-10-09 08:12:19.336999893,1.9499999999999997,1.5,1.9,0.0,0.0,108351488.0,0.005049879205617233,0.0
2026-10-09 08:12:24.336999893,1.95,1.5,1.9,0.0,0.0,110514176.0,0.006339111488180202,0.0
2026-10-09 08:12:29.336999893,1.9499999999999997,1.5,1.9,0.0,0.0,110514176.0,0.0063391114881802,0.0
2026-10-09 08:12:34.336999893,1.9499999999999997,1.5,1.9,0.0,0.0,111312896.0,0.005386981865285001,0.0
2026-10-09 08:12:39.336999893,1.9499999999999997,1.5,1.9,0.0,0.0,111312896.0,0.005386981865285001,0.0
2026-10-09 08:12:44.336999893,1.9499999999999997,1.5,1.9,0.0,0.0,111312896.0,0.005386981865285001,0.0
2026-10-09 08:12:49.336999893,1.9499999999999997,1.5,1.9,0.0,0.0,103923712.0,0.0055398961606776325,0.0
2026-10-09 08:12:54.336999893,1.9499999999999997,1.5,1.9,0.0,0.0,103923712.0,0.0055398961606776325,0.0
2026-10-09 08:12:59.336999893,1.95,1.5,1.9,0.0,0.0,102998016.0,0.005259977917352964,0.0
2026-10-09 08:13:04.336999893,1.9499999999999997,1.5,1.8999999999999997,0.0,0.0,102998016.0,0.0035850335517064167,0.0
2026-10-09 08:13:09.336999893,1.9499999999999997,1.5,1.8999999999999997,0.0,0.0,102998016.0,0.004388956225159951,0.0
2026-10-09 08:13:14.336999893,1.9499999999999997,1.5,1.8999999999999997,0.0,0.0,103260160.0,0.004816573829766437,0.0
2026-10-09 08:13:19.336999893,1.9499999999999997,1.5,1.8999999999999997,0.0,0.0,103260160.0,0.004816573829766437,0.0
2026-10-09 08:13:24.336999893,1.9499999999999997,1.5,1.8999999999999997,0.0,0.0,103260160.0,0.005110009813542666,0.0
2026-10-09 08:13:29.336999893,1.9499999999999997,1.5,1.8999999999999997,0.0,0.0,105922560.0,0.00484106543096788,0.0
2026-10-09 08:13:34.336999893,1.9499999999999997,1.5,1.8999999999999997,0.0,0.0,105922560.0,0.004752348705231567,0.0
2026-10-09 08:13:39.336999893,1.9499999999999997,1.5,1.8999999999999997,0.0,0.0,105922560.0,0.004752348705231567,0.0
2026-10-09 08:13:44.336999893,1.9499999999999997,1.5,1.8999999999999997,0.0,0.0,93974528.0,0.005661498754647556,0.0
2026-10-09 08:13:49.336999893,1.9499999999999997,1.5,1.8999999999999997,0.0,0.0,93974528.0,0.006043654845370201,0.0
2026-10-09 08:13:54.336999893,1.9499999999999997,1.5,1.8999999999999997,0.0,0.0,93974528.0,0.006043654845370201,0.0
2026-10-09 08:13:59.336999893,1.9499999999999997,1.5,1.8999999999999997,0.0,0.0,93925376.0,0.005261535816372543,0.0
2026-10-09 08:14:04.336999893,1.9499999999999997,1.5,1.8999999999999997,0.0,0.0,93925376.0,0.005261535816372543,0.0
2026-10-09 08:14:09.336999893,1.9499999999999997,1.5,1.8999999999999997,0.0,0.0,93925376.0,0.005261535816372543,0.0
2026-10-09 08:14:14.336999893,1.9499999999999997,1.5,1.8999999999999997,0.0,0.0,93925376.0,0.005806718967480655,0.0
2026-10-09 08:14:19.336999893,1.9499999999999997,1.5,1.8999999999999997,0.0,0.0,95174656.0,0.005371058379455854,0.0
2026-10-09 08:14:24.336999893,1.9499999999999997,1.5,1.8999999999999997,0.0,0.0,95174656.0,0.0053710583794558545,0.0
2026-10-09 08:14:29.336999893,1.9499999999999997,1.5,1.8999999999999997,0.0,0.0,95453184.0,0.004053604354104145,0.0
2026-10-09 08:14:34.336999893,1.9499999999999997,1.5,1.8999999999999997,0.0,0.0,95453184.0,0.004053604354104145,0.0
2026-10-09 08:14:39.336999893,1.9499999999999997,1.5,1.8999999999999997,0.0,0.0,91275264.0,0.004397668905570918,0.0
2026-10-09 08:14:44.336999893,1.9499999999999997,1.5,1.8999999999999997,0.0,0.0,91275264.0,0.004029615161525266,0.0
2026-10-09 08:14:49.336999893,1.9499999999999997,1.5,1.8999999999999997,0.0,0.0,91275264.0,0.004680217379721948,0.0
2026-10-09 08:14:54.336999893,0.48749999999999993,0.375,0.2425,0.0,0.0,91275264.0,0.0037746993215764107,0.0
2026-10-09 08:14:59.336999893,0.48749999999999993,0.375,0.2425,0.0,0.0,89636864.0,0.004393243700369887,0.0
2026-10-09 08:15:04.336999893,0.4875,0.375,0.24249999999999997,0.0,0.0,89636864.0,0.005106806411837207,0.0
2026-10-09 08:15:09.336999893,0.48749999999999993,0.375,0.24250000000000002,0.0,0.0,89636864.0,0.005106806411837207,0.0
2026-10-09 08:15:14.336999893,0.48749999999999993,0.375,0.2425,0.0,0.0,90693632.0,0.005060757671511856,0.0
2026-10-09 08:15:19.336999893,0.48749999999999993,0.375,0.2425,0.0,0.0,90693632.0,0.005362066698803669,0.0
2026-10-09 08:15:24.336999893,0.48749999999999993,0.375,0.2425,0.0,0.0,90693632.0,0.005362066698803669,0.0
2026-10-09 08:15:29.336999893,0.48749999999999993,0.375,0.2425,0.0,0.0,95920128.0,0.004824462842499471,0.0
2026-10-09 08:15:34.336999893,0.48749999999999993,0.375,0.24250000000000002,0.0,0.0,95920128.0,0.004824462842499471,0.0
2026-10-09 08:15:39.336999893,0.48749999999999993,0.375,0.24249999999999997,0.0,0.0,95920128.0,0.004464271283374279,0.0
2026-10-09 08:15:44.336999893,0.48749999999999993,0.375,0.24249999999999997,0.0,0.0,91484160.0,0.0056411381465230675,0.0
2026-10-09 08:15:49.336999893,0.48749999999999993,0.375,0.24249999999999997,0.0,0.0,91484160.0,0.0056411381465230675,0.0
2026-10-09 08:15:54.336999893,0.48749999999999993,0.375,0.24249999999999997,0.0,0.0,93040640.0,0.005361120286504062,0.0
2026-10-09 08:15:59.336999893,0.48749999999999993,0.375,0.24249999999999997,0.0,0.0,93040640.0,0.0055264796749944665,0.0
2026-10-09 08:16:04.336999893,3.8999999999999995,3.0,1.9,0.0,0.0,93040640.0,0.0055264796749944665,0.0
2026-10-09 08:16:09.336999893,3.9,3.0,1.9,0.0,0.0,93040640.0,0.004611309992147813,0.0
2026-10-09 08:16:14.336999893,3.8999999999999995,3.0,1.9,0.0,0.0,89022464.0,0.007217345489531351,0.0
2026-10-09 08:16:19.336999893,3.8999999999999995,3.0,1.9,0.0,0.0,89022464.0,0.007217345489531351,0.0
2026-10-09 08:16:24.336999893,3.8999999999999995,3.0,1.8999999999999997,0.0,0.0,89022464.0,0.007217345489531351,0.0
2026-10-09 08:16:29.336999893,3.8999999999999995,3.0,1.9,0.0,0.0,89022464.0,0.005451597578390559,0.0
2026-10-09 08:16:34.336999893,3.8999999999999995,3.0,1.9,0.0,0.0,89022464.0,0.004897508677920427,0.0
2026-10-09 08:16:39.336999893,3.8999999999999995,3.0,1.8999999999999997,0.0,0.0,89022464.0,0.004343419777450296,0.0
2026-10-09 08:16:44.336999893,3.8999999999999995,3.0,1.8999999999999997,0.0,0.0,89022464.0,0.004881954637823734,0.0
2026-10-09 08:16:49.336999893,3.8999999999999995,3.0,1.9,0.0,0.0,89022464.0,0.004197670796460238,0.0
2026-10-09 08:16:54.336999893,3.8999999999999995,3.0,1.9,0.0,0.0,89022464.0,0.004197670796460238,0.0
2026-10-09 08:16:59.336999893,3.8999999999999995,3.0,1.9,0.0,0.0,89022464.0,0.004197670796460238,0.0
2026-10-09 08:17:04.336999893,3.8999999999999995,3.0,1.9,0.0,0.0,89022464.0,0.004197670796460238,0.0
2026-10-09 08:17:09.336999893,3.8999999999999995,3.0,1.9,0.0,0.0,89022464.0,0.004197670796460238,0.0
2026-10-09 08:17:14.336999893,3.8999999999999995,3.0,1.9,0.0,0.0,89530368.0,0.004197670796460238,0.0
2026-10-09 08:17:19.336999893,3.8999999999999995,3.0,1.9,0.0,0.0,89530368.0,0.004197670796460238,0.0
2026-10-09 08:17:24.336999893,3.8999999999999995,3.0,1.9,0.0,0.0,89530368.0,0.004197670796460238,0.0
2026-10-09 08:17:29.336999893,3.8999999999999995,3.0,1.9,0.0,0.0,89530368.0,0.004197670796460238,0.0
2026-10-09 08:17:34.336999893,3.8999999999999995,3.0,1.9,0.0,0.0,91258880.0,0.0025024834232500203,0.0
2026-10-09 08:17:39.336999893,3.8999999999999995,3.0,1.9,0.0,0.0,91258880.0,0.0029208399812937235,0.0
2026-10-09 08:17:44.336999893,3.8999999999999995,3.0,1.9,0.0,0.0,91258880.0,0.003339196539337427,0.0
2026-10-09 08:17:49.336999893,3.8999999999999995,3.0,1.9,0.0,0.0,91033600.0,0.004746767302350269,0.0
2026-10-09 08:17:54.336999893,3.8999999999999995,3.0,1.9,0.0,0.0,91033600.0,0.006403481327682803,0.0
2026-10-09 08:17:59.336999893,3.8999999999999995,3.0,1.9,0.0,0.0,91033600.0,0.0064034813276828036,0.0
2026-10-09 08:18:04.336999893,3.8999999999999995,3.0,1.9,0.0,0.0,94552064.0,0.005882338876209062,0.0
2026-10-09 08:18:09.336999893,3.8999999999999995,3.0,1.9,0.0,0.0,94552064.0,0.005882338876209062,0.0
2026-10-09 08:18:14.336999893,3.8999999999999995,3.0,1.9,0.0,0.0,94552064.0,0.005289478730377503,0.0
2026-10-09 08:18:19.336999893,3.8999999999999995,3.0,1.9,0.0,0.0,94552064.0,0.0050821389582274435,0.0
2026-10-09 08:18:24.336999893,3.8999999999999995,3.0,0.24249999999999997,0.0,0.0,94552064.0,0.004543873713808807,0.0
2026-10-09 08:18:29.336999893,3.8999999999999995,3.0,0.24249999999999997,0.0,0.0,94552064.0,0.00400560846939017,0.0
2026-10-09 08:18:34.336999893,3.8999999999999995,3.0,0.24249999999999997,0.0,0.0,94552064.0,0.0015158999999999405,0.0
2026-10-09 08:18:39.336999893,3.8999999999999995,3.0,0.24249999999999997,0.0,0.0,94552064.0,0.0017988558869628647,0.0
2026-10-09 08:18:44.336999893,3.8999999999999995,3.0,0.24249999999999997,0.0,0.0,92712960.0,0.007452235039653948,0.0
2026-10-09 08:18:49.336999893,3.8999999999999995,3.0,0.24249999999999997,0.0,0.0,92712960.0,0.008244230855401774,0.0
2026-10-09 08:18:54.336999893,3.9,3.0,0.24249999999999997,0.0,0.0,92712960.0,0.008244230855401774,0.0
2026-10-09 08:18:59.336999893,3.8999999999999995,3.0,0.24249999999999997,0.0,0.0,93605888.0,0.007367894009886611,0.0
2026-10-09 08:19:04.336999893,3.8999999999999995,3.0,0.24249999999999997,0.0,0.0,93605888.0,0.0015159567436637015,0.0
2026-10-09 08:19:09.336999893,3.8999999999999995,3.0,0.24249999999999997,0.0,0.0,86974464.0,0.002751221379537092,0.0
2026-10-09 08:19:14.336999893,3.8999999999999995,3.0,0.24249999999999997,0.0,0.0,86974464.0,0.00319311721543958,0.0
2026-10-09 08:19:19.336999893,3.8999999999999995,3.0,0.24249999999999997,0.0,0.0,86974464.0,0.0036350130513420676,0.0
2026-10-09 08:19:24.336999893,3.8999999999999995,3.0,0.24249999999999997,0.0,0.0,86974464.0,0.003224999999999945,0.0
2026-10-09 08:19:29.336999893,3.8999999999999995,3.0,0.24249999999999997,0.0,0.0,86974464.0,0.003224999999999945,0.0
2026-10-09 08:19:34.336999893,3.8999999999999995,3.0,0.24249999999999997,0.0,0.0,86974464.0,0.003567049471780265,0.0
2026-10-09 08:19:39.336999893,3.8999999999999995,3.0,0.24249999999999997,0.0,0.0,86974464.0,0.0031251536358777774,0.0
2026-10-09 08:19:44.336999893,3.8999999999999995,3.0,0.24249999999999997,0.0,0.0,86974464.0,0.0034214484166845928,0.0
2026-10-09 08:19:49.336999893,3.8999999999999995,3.0,0.24249999999999997,0.0,0.0,86974464.0,0.0028739728719714814,0.0
2026-10-09 08:19:54.336999893,3.8999999999999995,3.0,0.24249999999999997,0.0,0.0,86974464.0,0.002326497327258369,0.0
2026-10-09 08:19:59.336999893,3.8999999999999995,3.0,0.24249999999999997,0.0,0.0,88739840.0,0.01134562251038227,0.0
2026-10-09 08:20:04.336999893,3.8999999999999995,3.0,0.24249999999999997,0.0,0.0,88739840.0,0.01134562251038227,0.0
2026-10-09 08:20:09.336999893,3.8999999999999995,3.0,0.24249999999999997,0.0,0.0,88739840.0,0.01134562251038227,0.0
2026-10-09 08:20:14.336999893,3.8999999999999995,3.0,0.24249999999999997,0.0,0.0,88739840.0,0.01134562251038227,0.0
2026-10-09 08:20:19.336999893,3.8999999999999995,3.0,0.24249999999999997,0.0,0.0,88739840.0,0.01134562251038227,0.0
2026-10-09 08:20:24.336999893,3.8999999999999995,3.0,0.24249999999999997,0.0,0.0,88739840.0,0.01134562251038227,0.0
2026-10-09 08:20:29.336999893,3.8999999999999995,3.0,0.24249999999999997,0.0,0.0,92884992.0,0.005450204781741134,0.0
2026-10-09 08:20:34.336999893,3.8999999999999995,3.0,0.24249999999999997,0.0,0.0,92884992.0,0.005450204781741134,0.0
2026-10-09 08:20:39.336999893,3.8999999999999995,3.0,0.24249999999999997,0.0,0.0,92884992.0,0.005450204781741134,0.0
2026-10-09 08:20:44.336999893,3.8999999999999995,3.0,0.24249999999999997,0.0,0.0,113106944.0,0.008681247181601504,0.0
2026-10-09 08:20:49.336999893,3.8999999999999995,3.0,0.24249999999999997,0.0,0.0,113106944.0,0.008681247181601504,0.0
2026-10-09 08:20:54.336999893,3.8999999999999995,3.0,0.24249999999999997,0.0,0.0,113106944.0,0.008681247181601504,0.0
2026-10-09 08:20:59.336999893,3.8999999999999995,3.0,0.24249999999999997,0.0,0.0,97177600.0,0.006765389541525159,0.0
2026-10-09 08:21:04.336999893,3.8999999999999995,3.0,0.24249999999999997,0.0,0.0,97177600.0,0.007551048695585054,0.0
